User: USER,,,,,,,,,,,,,,,,,,,,,,,,,,,,,,,,,,,,,,,,,,,,,,,,,,,,,,,,,,,,,,,,,,,,,,,,,,,,,,,,,,,,,,,,,,,,,,,,,,,,,,,,,,,,,,,,,,,,,,,,,,,,,,,,,,,,,,,,,,,,,,,,,,,,,,,,,,,,,,,,,,,,,,,,,,,,,,,,,,,,,,,,,,,,,,,,,,,,,,,,,,,,,,,,,,,,,,,,,,,,,,,,,,,,,,,,,,,,,,,,,,,,,,,,,,,,,,,,,,,,,,,,,,,,,,,,,,,,,,,,,,,,,,,,,,,,,
Path: C:\Program Files (x86)\BMG\CLARIOstar\User\Data,,,,,,,,,,,,,,,,,,,,,,,,,,,,,,,,,,,,,,,,,,,,,,,,,,,,,,,,,,,,,,,,,,,,,,,,,,,,,,,,,,,,,,,,,,,,,,,,,,,,,,,,,,,,,,,,,,,,,,,,,,,,,,,,,,,,,,,,,,,,,,,,,,,,,,,,,,,,,,,,,,,,,,,,,,,,,,,,,,,,,,,,,,,,,,,,,,,,,,,,,,,,,,,,,,,,,,,,,,,,,,,,,,,,,,,,,,,,,,,,,,,,,,,,,,,,,,,,,,,,,,,,,,,,,,,,,,,,,,,,,,,,,,,,,,,,,
Test ID: 1353,,,,,,,,,,,,,,,,,,,,,,,,,,,,,,,,,,,,,,,,,,,,,,,,,,,,,,,,,,,,,,,,,,,,,,,,,,,,,,,,,,,,,,,,,,,,,,,,,,,,,,,,,,,,,,,,,,,,,,,,,,,,,,,,,,,,,,,,,,,,,,,,,,,,,,,,,,,,,,,,,,,,,,,,,,,,,,,,,,,,,,,,,,,,,,,,,,,,,,,,,,,,,,,,,,,,,,,,,,,,,,,,,,,,,,,,,,,,,,,,,,,,,,,,,,,,,,,,,,,,,,,,,,,,,,,,,,,,,,,,,,,,,,,,,,,,,
Test Name: Magui_spec sweep,,,,,,,,,,,,,,,,,,,,,,,,,,,,,,,,,,,,,,,,,,,,,,,,,,,,,,,,,,,,,,,,,,,,,,,,,,,,,,,,,,,,,,,,,,,,,,,,,,,,,,,,,,,,,,,,,,,,,,,,,,,,,,,,,,,,,,,,,,,,,,,,,,,,,,,,,,,,,,,,,,,,,,,,,,,,,,,,,,,,,,,,,,,,,,,,,,,,,,,,,,,,,,,,,,,,,,,,,,,,,,,,,,,,,,,,,,,,,,,,,,,,,,,,,,,,,,,,,,,,,,,,,,,,,,,,,,,,,,,,,,,,,,,,,,,,,
Date: 16/03/2022,,,,,,,,,,,,,,,,,,,,,,,,,,,,,,,,,,,,,,,,,,,,,,,,,,,,,,,,,,,,,,,,,,,,,,,,,,,,,,,,,,,,,,,,,,,,,,,,,,,,,,,,,,,,,,,,,,,,,,,,,,,,,,,,,,,,,,,,,,,,,,,,,,,,,,,,,,,,,,,,,,,,,,,,,,,,,,,,,,,,,,,,,,,,,,,,,,,,,,,,,,,,,,,,,,,,,,,,,,,,,,,,,,,,,,,,,,,,,,,,,,,,,,,,,,,,,,,,,,,,,,,,,,,,,,,,,,,,,,,,,,,,,,,,,,,,,
Time: 16:23:24,,,,,,,,,,,,,,,,,,,,,,,,,,,,,,,,,,,,,,,,,,,,,,,,,,,,,,,,,,,,,,,,,,,,,,,,,,,,,,,,,,,,,,,,,,,,,,,,,,,,,,,,,,,,,,,,,,,,,,,,,,,,,,,,,,,,,,,,,,,,,,,,,,,,,,,,,,,,,,,,,,,,,,,,,,,,,,,,,,,,,,,,,,,,,,,,,,,,,,,,,,,,,,,,,,,,,,,,,,,,,,,,,,,,,,,,,,,,,,,,,,,,,,,,,,,,,,,,,,,,,,,,,,,,,,,,,,,,,,,,,,,,,,,,,,,,,
Absorbance spectrum,,,,Absorbance values are displayed as OD,,,,,,,,,,,,,,,,,,,,,,,,,,,,,,,,,,,,,,,,,,,,,,,,,,,,,,,,,,,,,,,,,,,,,,,,,,,,,,,,,,,,,,,,,,,,,,,,,,,,,,,,,,,,,,,,,,,,,,,,,,,,,,,,,,,,,,,,,,,,,,,,,,,,,,,,,,,,,,,,,,,,,,,,,,,,,,,,,,,,,,,,,,,,,,,,,,,,,,,,,,,,,,,,,,,,,,,,,,,,,,,,,,,,,,,,,,,,,,,,,,,,,,,,,,,,,,,,,,,,,,,,,,,,,,,,,,,,,,,,,,,,,,,,,
,,,,,,,,,,,,,,,,,,,,,,,,,,,,,,,,,,,,,,,,,,,,,,,,,,,,,,,,,,,,,,,,,,,,,,,,,,,,,,,,,,,,,,,,,,,,,,,,,,,,,,,,,,,,,,,,,,,,,,,,,,,,,,,,,,,,,,,,,,,,,,,,,,,,,,,,,,,,,,,,,,,,,,,,,,,,,,,,,,,,,,,,,,,,,,,,,,,,,,,,,,,,,,,,,,,,,,,,,,,,,,,,,,,,,,,,,,,,,,,,,,,,,,,,,,,,,,,,,,,,,,,,,,,,,,,,,,,,,,,,,,,,,,,,,,,,,
,,,,,,,,,,,,,,,,,,,,,,,,,,,,,,,,,,,,,,,,,,,,,,,,,,,,,,,,,,,,,,,,,,,,,,,,,,,,,,,,,,,,,,,,,,,,,,,,,,,,,,,,,,,,,,,,,,,,,,,,,,,,,,,,,,,,,,,,,,,,,,,,,,,,,,,,,,,,,,,,,,,,,,,,,,,,,,,,,,,,,,,,,,,,,,,,,,,,,,,,,,,,,,,,,,,,,,,,,,,,,,,,,,,,,,,,,,,,,,,,,,,,,,,,,,,,,,,,,,,,,,,,,,,,,,,,,,,,,,,,,,,,,,,,,,,,,
,,,Raw Data (Abs Spectrum),Raw Data (Abs Spectrum),Raw Data (Abs Spectrum),Raw Data (Abs Spectrum),Raw Data (Abs Spectrum),Raw Data (Abs Spectrum),Raw Data (Abs Spectrum),Raw Data (Abs Spectrum),Raw Data (Abs Spectrum),Raw Data (Abs Spectrum),Raw Data (Abs Spectrum),Raw Data (Abs Spectrum),Raw Data (Abs Spectrum),Raw Data (Abs Spectrum),Raw Data (Abs Spectrum),Raw Data (Abs Spectrum),Raw Data (Abs Spectrum),Raw Data (Abs Spectrum),Raw Data (Abs Spectrum),Raw Data (Abs Spectrum),Raw Data (Abs Spectrum),Raw Data (Abs Spectrum),Raw Data (Abs Spectrum),Raw Data (Abs Spectrum),Raw Data (Abs Spectrum),Raw Data (Abs Spectrum),Raw Data (Abs Spectrum),Raw Data (Abs Spectrum),Raw Data (Abs Spectrum),Raw Data (Abs Spectrum),Raw Data (Abs Spectrum),Raw Data (Abs Spectrum),Raw Data (Abs Spectrum),Raw Data (Abs Spectrum),Raw Data (Abs Spectrum),Raw Data (Abs Spectrum),Raw Data (Abs Spectrum),Raw Data (Abs Spectrum),Raw Data (Abs Spectrum),Raw Data (Abs Spectrum),Raw Data (Abs Spectrum),Raw Data (Abs Spectrum),Raw Data (Abs Spectrum),Raw Data (Abs Spectrum),Raw Data (Abs Spectrum),Raw Data (Abs Spectrum),Raw Data (Abs Spectrum),Raw Data (Abs Spectrum),Raw Data (Abs Spectrum),Raw Data (Abs Spectrum),Raw Data (Abs Spectrum),Raw Data (Abs Spectrum),Raw Data (Abs Spectrum),Raw Data (Abs Spectrum),Raw Data (Abs Spectrum),Raw Data (Abs Spectrum),Raw Data (Abs Spectrum),Raw Data (Abs Spectrum),Raw Data (Abs Spectrum),Raw Data (Abs Spectrum),Raw Data (Abs Spectrum),Raw Data (Abs Spectrum),Raw Data (Abs Spectrum),Raw Data (Abs Spectrum),Raw Data (Abs Spectrum),Raw Data (Abs Spectrum),Raw Data (Abs Spectrum),Raw Data (Abs Spectrum),Raw Data (Abs Spectrum),Raw Data (Abs Spectrum),Raw Data (Abs Spectrum),Raw Data (Abs Spectrum),Raw Data (Abs Spectrum),Raw Data (Abs Spectrum),Raw Data (Abs Spectrum),Raw Data (Abs Spectrum),Raw Data (Abs Spectrum),Raw Data (Abs Spectrum),Raw Data (Abs Spectrum),Raw Data (Abs Spectrum),Raw Data (Abs Spectrum),Raw Data (Abs Spectrum),Raw Data (Abs Spectrum),Raw Data (Abs Spectrum),Raw Data (Abs Spectrum),Raw Data (Abs Spectrum),Raw Data (Abs Spectrum),Raw Data (Abs Spectrum),Raw Data (Abs Spectrum),Raw Data (Abs Spectrum),Raw Data (Abs Spectrum),Raw Data (Abs Spectrum),Raw Data (Abs Spectrum),Raw Data (Abs Spectrum),Raw Data (Abs Spectrum),Raw Data (Abs Spectrum),Raw Data (Abs Spectrum),Raw Data (Abs Spectrum),Raw Data (Abs Spectrum),Raw Data (Abs Spectrum),Raw Data (Abs Spectrum),Raw Data (Abs Spectrum),Raw Data (Abs Spectrum),Raw Data (Abs Spectrum),Raw Data (Abs Spectrum),Raw Data (Abs Spectrum),Raw Data (Abs Spectrum),Raw Data (Abs Spectrum),Raw Data (Abs Spectrum),Raw Data (Abs Spectrum),Raw Data (Abs Spectrum),Raw Data (Abs Spectrum),Raw Data (Abs Spectrum),Raw Data (Abs Spectrum),Raw Data (Abs Spectrum),Raw Data (Abs Spectrum),Raw Data (Abs Spectrum),Raw Data (Abs Spectrum),Raw Data (Abs Spectrum),Raw Data (Abs Spectrum),Raw Data (Abs Spectrum),Raw Data (Abs Spectrum),Raw Data (Abs Spectrum),Raw Data (Abs Spectrum),Raw Data (Abs Spectrum),Raw Data (Abs Spectrum),Raw Data (Abs Spectrum),Raw Data (Abs Spectrum),Raw Data (Abs Spectrum),Raw Data (Abs Spectrum),Raw Data (Abs Spectrum),Raw Data (Abs Spectrum),Raw Data (Abs Spectrum),Raw Data (Abs Spectrum),Raw Data (Abs Spectrum),Raw Data (Abs Spectrum),Raw Data (Abs Spectrum),Raw Data (Abs Spectrum),Raw Data (Abs Spectrum),Raw Data (Abs Spectrum),Raw Data (Abs Spectrum),Raw Data (Abs Spectrum),Raw Data (Abs Spectrum),Raw Data (Abs Spectrum),Raw Data (Abs Spectrum),Raw Data (Abs Spectrum),Raw Data (Abs Spectrum),Raw Data (Abs Spectrum),Raw Data (Abs Spectrum),Raw Data (Abs Spectrum),Raw Data (Abs Spectrum),Raw Data (Abs Spectrum),Raw Data (Abs Spectrum),Raw Data (Abs Spectrum),Raw Data (Abs Spectrum),Raw Data (Abs Spectrum),Raw Data (Abs Spectrum),Raw Data (Abs Spectrum),Raw Data (Abs Spectrum),Raw Data (Abs Spectrum),Raw Data (Abs Spectrum),Raw Data (Abs Spectrum),Raw Data (Abs Spectrum),Raw Data (Abs Spectrum),Raw Data (Abs Spectrum),Raw Data (Abs Spectrum),Raw Data (Abs Spectrum),Raw Data (Abs Spectrum),Raw Data (Abs Spectrum),Raw Data (Abs Spectrum),Raw Data (Abs Spectrum),Raw Data (Abs Spectrum),Raw Data (Abs Spectrum),Raw Data (Abs Spectrum),Raw Data (Abs Spectrum),Raw Data (Abs Spectrum),Raw Data (Abs Spectrum),Raw Data (Abs Spectrum),Raw Data (Abs Spectrum),Raw Data (Abs Spectrum),Raw Data (Abs Spectrum),Raw Data (Abs Spectrum),Raw Data (Abs Spectrum),Raw Data (Abs Spectrum),Raw Data (Abs Spectrum),Raw Data (Abs Spectrum),Raw Data (Abs Spectrum),Raw Data (Abs Spectrum),Raw Data (Abs Spectrum),Raw Data (Abs Spectrum),Raw Data (Abs Spectrum),Raw Data (Abs Spectrum),Raw Data (Abs Spectrum),Raw Data (Abs Spectrum),Raw Data (Abs Spectrum),Raw Data (Abs Spectrum),Raw Data (Abs Spectrum),Raw Data (Abs Spectrum),Raw Data (Abs Spectrum),Raw Data (Abs Spectrum),Raw Data (Abs Spectrum),Raw Data (Abs Spectrum),Raw Data (Abs Spectrum),Raw Data (Abs Spectrum),Raw Data (Abs Spectrum),Raw Data (Abs Spectrum),Raw Data (Abs Spectrum),Raw Data (Abs Spectrum),Raw Data (Abs Spectrum),Raw Data (Abs Spectrum),Raw Data (Abs Spectrum),Raw Data (Abs Spectrum),Raw Data (Abs Spectrum),Raw Data (Abs Spectrum),Raw Data (Abs Spectrum),Raw Data (Abs Spectrum),Raw Data (Abs Spectrum),Raw Data (Abs Spectrum),Raw Data (Abs Spectrum),Raw Data (Abs Spectrum),Raw Data (Abs Spectrum),Raw Data (Abs Spectrum),Raw Data (Abs Spectrum),Raw Data (Abs Spectrum),Raw Data (Abs Spectrum),Raw Data (Abs Spectrum),Raw Data (Abs Spectrum),Raw Data (Abs Spectrum),Raw Data (Abs Spectrum),Raw Data (Abs Spectrum),Raw Data (Abs Spectrum),Raw Data (Abs Spectrum),Raw Data (Abs Spectrum),Raw Data (Abs Spectrum),Raw Data (Abs Spectrum),Raw Data (Abs Spectrum),Raw Data (Abs Spectrum),Raw Data (Abs Spectrum),Raw Data (Abs Spectrum),Raw Data (Abs Spectrum),Raw Data (Abs Spectrum),Raw Data (Abs Spectrum),Raw Data (Abs Spectrum),Raw Data (Abs Spectrum),Raw Data (Abs Spectrum),Raw Data (Abs Spectrum),Raw Data (Abs Spectrum),Raw Data (Abs Spectrum),Raw Data (Abs Spectrum),Raw Data (Abs Spectrum),Raw Data (Abs Spectrum),Raw Data (Abs Spectrum),Raw Data (Abs Spectrum),Raw Data (Abs Spectrum),Raw Data (Abs Spectrum),Raw Data (Abs Spectrum),Raw Data (Abs Spectrum),Raw Data (Abs Spectrum),Raw Data (Abs Spectrum),Raw Data (Abs Spectrum),Raw Data (Abs Spectrum),Raw Data (Abs Spectrum),Raw Data (Abs Spectrum),Raw Data (Abs Spectrum),Raw Data (Abs Spectrum),Raw Data (Abs Spectrum),Raw Data (Abs Spectrum),Raw Data (Abs Spectrum),Raw Data (Abs Spectrum),Raw Data (Abs Spectrum),Raw Data (Abs Spectrum),Raw Data (Abs Spectrum),Raw Data (Abs Spectrum),Raw Data (Abs Spectrum),Raw Data (Abs Spectrum),Raw Data (Abs Spectrum),Raw Data (Abs Spectrum),Raw Data (Abs Spectrum),Raw Data (Abs Spectrum),Raw Data (Abs Spectrum),Raw Data (Abs Spectrum),Raw Data (Abs Spectrum),Raw Data (Abs Spectrum),Raw Data (Abs Spectrum),Raw Data (Abs Spectrum),Raw Data (Abs Spectrum),Raw Data (Abs Spectrum),Raw Data (Abs Spectrum),Raw Data (Abs Spectrum),Raw Data (Abs Spectrum),Raw Data (Abs Spectrum)
Well,Sample,Dilution,220,222,224,226,228,230,232,234,236,238,240,242,244,246,248,250,252,254,256,258,260,262,264,266,268,270,272,274,276,278,280,282,284,286,288,290,292,294,296,298,300,302,304,306,308,310,312,314,316,318,320,322,324,326,328,330,332,334,336,338,340,342,344,346,348,350,352,354,356,358,360,362,364,366,368,370,372,374,376,378,380,382,384,386,388,390,392,394,396,398,400,402,404,406,408,410,412,414,416,418,420,422,424,426,428,430,432,434,436,438,440,442,444,446,448,450,452,454,456,458,460,462,464,466,468,470,472,474,476,478,480,482,484,486,488,490,492,494,496,498,500,502,504,506,508,510,512,514,516,518,520,522,524,526,528,530,532,534,536,538,540,542,544,546,548,550,552,554,556,558,560,562,564,566,568,570,572,574,576,578,580,582,584,586,588,590,592,594,596,598,600,602,604,606,608,610,612,614,616,618,620,622,624,626,628,630,632,634,636,638,640,642,644,646,648,650,652,654,656,658,660,662,664,666,668,670,672,674,676,678,680,682,684,686,688,690,692,694,696,698,700,702,704,706,708,710,712,714,716,718,720,722,724,726,728,730,732,734,736,738,740,742,744,746,748,750,752,754,756,758,760,762,764,766,768,770,772,774,776,778,780,782,784,786,788,790,792,794,796,798,800
A1,S1,1,3.736,3.389,3.636,4.059,4.713,4.672,5.287,4.919,5.019,5.287,5.287,5.287,5.287,5.287,5.287,5.287,5.286,5.279,5.287,5.224,5.277,5.287,5.211,5.287,5.287,5.243,5.166,5.106,4.699,4.573,3.878,3.085,2.533,2.107,1.744,1.541,1.444,1.204,0.936,0.763,0.654,0.58,0.533,0.488,0.453,0.429,0.412,0.398,0.386,0.376,0.365,0.355,0.343,0.336,0.332,0.326,0.317,0.309,0.301,0.296,0.29,0.286,0.281,0.279,0.276,0.273,0.268,0.264,0.261,0.258,0.255,0.253,0.251,0.249,0.247,0.244,0.24,0.234,0.227,0.221,0.216,0.212,0.208,0.205,0.201,0.195,0.188,0.179,0.168,0.157,0.146,0.136,0.128,0.123,0.118,0.113,0.111,0.109,0.107,0.106,0.106,0.106,0.107,0.109,0.11,0.112,0.114,0.116,0.118,0.12,0.123,0.127,0.13,0.134,0.138,0.144,0.149,0.156,0.164,0.174,0.185,0.197,0.209,0.221,0.234,0.247,0.261,0.276,0.292,0.31,0.336,0.36,0.386,0.419,0.455,0.494,0.533,0.575,0.624,0.664,0.697,0.726,0.753,0.776,0.801,0.832,0.863,0.903,0.958,1.02,1.102,1.218,1.326,1.435,1.524,1.605,1.673,1.695,1.678,1.615,1.521,1.395,1.252,1.112,0.974,0.824,0.678,0.572,0.479,0.399,0.324,0.272,0.231,0.2,0.173,0.153,0.14,0.129,0.121,0.114,0.109,0.104,0.1,0.097,0.095,0.093,0.092,0.091,0.089,0.089,0.089,0.087,0.086,0.087,0.086,0.085,0.085,0.085,0.086,0.086,0.084,0.085,0.084,0.084,0.084,0.084,0.084,0.084,0.084,0.084,0.083,0.081,0.083,0.082,0.08,0.08,0.079,0.078,0.078,0.077,0.076,0.076,0.075,0.075,0.074,0.074,0.073,0.074,0.073,0.072,0.071,0.071,0.07,0.07,0.07,0.069,0.07,0.07,0.069,0.069,0.068,0.068,0.068,0.067,0.067,0.067,0.066,0.066,0.066,0.066,0.065,0.066,0.065,0.065,0.064,0.063,0.065,0.065,0.065,0.066,0.067,0.066,0.066,0.065,0.064,0.064,0.062,0.063,0.062,0.063,0.063,0.062,0.06,0.063,0.062,0.061,0.061,0.061,0.06,0.06,0.06,0.061,0.061,0.062,0.06,0.06,0.06,0.061,0.06,0.06,0.059
A3,S1,2,3.669,3.651,3.956,4.445,5.287,5.287,5.287,5.287,4.926,5.208,5.287,5.287,5.287,5.287,5.287,5.287,5.287,5.287,5.287,5.103,5.287,5.287,5.287,5.287,5.287,5.287,5.287,5.009,4.928,4.801,3.804,2.999,2.434,2.007,1.641,1.435,1.336,1.098,0.834,0.667,0.564,0.497,0.457,0.418,0.388,0.365,0.35,0.337,0.326,0.315,0.305,0.295,0.283,0.276,0.271,0.263,0.254,0.245,0.237,0.23,0.223,0.218,0.213,0.209,0.206,0.202,0.199,0.194,0.19,0.186,0.181,0.18,0.178,0.175,0.172,0.169,0.166,0.162,0.155,0.151,0.147,0.143,0.14,0.138,0.136,0.131,0.127,0.123,0.117,0.111,0.106,0.1,0.095,0.093,0.09,0.087,0.086,0.085,0.083,0.081,0.081,0.081,0.081,0.083,0.084,0.084,0.085,0.086,0.087,0.087,0.089,0.091,0.091,0.093,0.096,0.099,0.102,0.105,0.109,0.113,0.119,0.125,0.132,0.138,0.145,0.152,0.159,0.166,0.174,0.183,0.195,0.205,0.22,0.236,0.255,0.275,0.295,0.318,0.343,0.363,0.38,0.397,0.411,0.422,0.434,0.449,0.465,0.484,0.511,0.542,0.584,0.641,0.694,0.747,0.792,0.835,0.87,0.883,0.874,0.845,0.795,0.734,0.663,0.593,0.524,0.448,0.372,0.319,0.271,0.231,0.191,0.164,0.142,0.127,0.113,0.102,0.096,0.09,0.086,0.084,0.081,0.078,0.076,0.074,0.073,0.072,0.072,0.07,0.068,0.069,0.069,0.067,0.067,0.067,0.067,0.067,0.067,0.068,0.068,0.068,0.067,0.067,0.066,0.066,0.067,0.066,0.067,0.066,0.066,0.067,0.066,0.065,0.067,0.066,0.065,0.065,0.064,0.063,0.063,0.062,0.062,0.062,0.062,0.062,0.06,0.06,0.06,0.06,0.06,0.059,0.058,0.059,0.059,0.059,0.059,0.058,0.058,0.058,0.057,0.056,0.058,0.058,0.058,0.057,0.057,0.058,0.057,0.057,0.057,0.057,0.056,0.056,0.055,0.056,0.055,0.053,0.055,0.057,0.058,0.057,0.059,0.058,0.057,0.057,0.055,0.057,0.056,0.055,0.055,0.056,0.057,0.057,0.054,0.057,0.057,0.055,0.057,0.056,0.054,0.053,0.055,0.054,0.054,0.055,0.053,0.053,0.053,0.055,0.053,0.053,0.052
A5,S1,4,3.232,4.083,4.167,3.785,5.164,5.028,5.112,5.287,5.018,5.287,5.287,5.159,5.287,5.287,5.287,5.287,5.287,5.287,5.287,5.191,5.287,5.287,5.287,5.287,5.287,5.287,5.287,5.236,4.736,4.662,3.83,3.018,2.448,2.005,1.631,1.416,1.316,1.07,0.799,0.63,0.529,0.464,0.426,0.389,0.36,0.339,0.324,0.312,0.301,0.29,0.28,0.269,0.256,0.25,0.245,0.236,0.225,0.216,0.208,0.201,0.195,0.189,0.181,0.177,0.174,0.17,0.164,0.159,0.153,0.15,0.144,0.143,0.141,0.138,0.136,0.132,0.129,0.126,0.12,0.117,0.113,0.11,0.107,0.105,0.103,0.1,0.097,0.094,0.092,0.089,0.086,0.082,0.079,0.079,0.077,0.076,0.075,0.074,0.072,0.07,0.068,0.068,0.068,0.071,0.071,0.071,0.072,0.072,0.072,0.072,0.072,0.073,0.072,0.073,0.075,0.077,0.077,0.08,0.082,0.082,0.086,0.09,0.093,0.097,0.1,0.103,0.107,0.111,0.115,0.119,0.124,0.126,0.135,0.143,0.153,0.163,0.174,0.187,0.199,0.209,0.219,0.227,0.234,0.239,0.244,0.252,0.26,0.27,0.282,0.296,0.318,0.345,0.37,0.395,0.416,0.44,0.457,0.465,0.461,0.446,0.42,0.392,0.358,0.323,0.29,0.252,0.213,0.187,0.164,0.143,0.123,0.11,0.097,0.089,0.083,0.077,0.073,0.071,0.069,0.068,0.067,0.065,0.063,0.063,0.062,0.062,0.061,0.06,0.058,0.06,0.059,0.057,0.057,0.059,0.059,0.058,0.059,0.059,0.06,0.06,0.058,0.059,0.058,0.058,0.058,0.058,0.058,0.059,0.058,0.058,0.058,0.058,0.059,0.058,0.058,0.058,0.057,0.057,0.056,0.054,0.054,0.055,0.056,0.056,0.055,0.055,0.053,0.054,0.054,0.053,0.052,0.053,0.054,0.054,0.054,0.052,0.054,0.052,0.052,0.051,0.052,0.053,0.054,0.053,0.053,0.052,0.052,0.053,0.052,0.053,0.052,0.052,0.052,0.053,0.051,0.05,0.052,0.053,0.054,0.055,0.056,0.055,0.054,0.054,0.052,0.054,0.052,0.052,0.052,0.053,0.054,0.054,0.052,0.054,0.053,0.053,0.053,0.053,0.051,0.052,0.053,0.053,0.054,0.052,0.051,0.051,0.051,0.052,0.05,0.05,0.05
A7,S1,8,3.131,3.328,3.814,4.026,4.893,5.287,4.825,5.287,5.041,5.287,5.287,5.127,5.287,5.287,5.287,5.287,5.287,5.287,5.287,5.287,5.287,5.287,5.287,5.287,5.287,5.287,5.287,5.185,4.713,4.662,3.735,2.902,2.343,1.914,1.55,1.342,1.246,1.009,0.747,0.584,0.488,0.427,0.391,0.357,0.33,0.309,0.295,0.284,0.274,0.264,0.254,0.244,0.231,0.225,0.219,0.21,0.201,0.192,0.182,0.174,0.169,0.162,0.156,0.152,0.148,0.143,0.139,0.134,0.129,0.125,0.12,0.119,0.117,0.114,0.112,0.108,0.105,0.102,0.097,0.095,0.092,0.089,0.086,0.084,0.083,0.08,0.079,0.077,0.076,0.074,0.072,0.071,0.069,0.069,0.067,0.066,0.066,0.064,0.063,0.061,0.06,0.06,0.06,0.061,0.062,0.062,0.062,0.062,0.062,0.061,0.061,0.062,0.061,0.06,0.062,0.063,0.063,0.064,0.065,0.064,0.066,0.069,0.071,0.073,0.075,0.076,0.077,0.079,0.081,0.084,0.085,0.084,0.089,0.094,0.1,0.104,0.111,0.118,0.123,0.129,0.133,0.137,0.14,0.143,0.145,0.148,0.153,0.157,0.163,0.17,0.181,0.194,0.205,0.216,0.225,0.239,0.247,0.251,0.249,0.242,0.228,0.215,0.2,0.183,0.168,0.149,0.129,0.117,0.105,0.095,0.085,0.078,0.072,0.067,0.064,0.062,0.06,0.058,0.058,0.059,0.058,0.057,0.056,0.055,0.055,0.055,0.054,0.053,0.051,0.053,0.053,0.051,0.051,0.053,0.052,0.052,0.052,0.053,0.053,0.054,0.052,0.053,0.051,0.051,0.052,0.053,0.052,0.053,0.052,0.054,0.052,0.051,0.054,0.052,0.052,0.053,0.052,0.051,0.051,0.049,0.049,0.05,0.051,0.052,0.05,0.051,0.049,0.05,0.049,0.048,0.048,0.049,0.049,0.049,0.05,0.048,0.049,0.049,0.048,0.046,0.048,0.049,0.049,0.048,0.049,0.049,0.049,0.049,0.048,0.049,0.049,0.05,0.048,0.049,0.048,0.047,0.049,0.05,0.05,0.051,0.053,0.051,0.051,0.051,0.05,0.051,0.049,0.049,0.05,0.05,0.052,0.051,0.048,0.051,0.051,0.051,0.051,0.051,0.048,0.049,0.049,0.051,0.05,0.05,0.049,0.049,0.05,0.05,0.049,0.051,0.048
A9,S1,16,3.235,3.784,4.502,4.987,5.287,5.287,5.287,5.287,5.221,5.287,5.287,5.287,5.287,5.287,5.287,5.287,5.287,5.287,5.287,5.287,5.287,5.287,5.287,5.287,5.287,5.287,5.287,5.287,4.736,4.536,3.692,2.9,2.34,1.912,1.542,1.332,1.235,0.999,0.738,0.576,0.481,0.421,0.386,0.352,0.326,0.307,0.292,0.281,0.271,0.261,0.25,0.241,0.228,0.222,0.215,0.207,0.197,0.188,0.179,0.171,0.164,0.16,0.151,0.148,0.143,0.139,0.135,0.129,0.124,0.12,0.115,0.114,0.113,0.109,0.107,0.104,0.1,0.096,0.093,0.092,0.09,0.085,0.083,0.081,0.081,0.077,0.076,0.075,0.075,0.073,0.072,0.07,0.069,0.069,0.068,0.067,0.066,0.066,0.064,0.062,0.06,0.06,0.061,0.063,0.063,0.063,0.062,0.063,0.062,0.061,0.06,0.061,0.06,0.059,0.06,0.061,0.061,0.061,0.061,0.06,0.062,0.064,0.065,0.066,0.067,0.068,0.069,0.07,0.07,0.071,0.071,0.068,0.072,0.075,0.079,0.081,0.085,0.089,0.091,0.094,0.097,0.099,0.1,0.101,0.102,0.104,0.106,0.109,0.111,0.114,0.121,0.127,0.132,0.136,0.141,0.149,0.152,0.155,0.154,0.151,0.142,0.136,0.129,0.12,0.114,0.104,0.094,0.088,0.082,0.077,0.072,0.068,0.064,0.062,0.06,0.059,0.058,0.057,0.058,0.058,0.058,0.057,0.056,0.056,0.056,0.055,0.055,0.054,0.053,0.055,0.054,0.053,0.052,0.055,0.053,0.054,0.055,0.055,0.056,0.056,0.054,0.054,0.053,0.053,0.054,0.054,0.054,0.054,0.054,0.054,0.054,0.053,0.055,0.054,0.053,0.053,0.053,0.053,0.053,0.051,0.051,0.052,0.052,0.053,0.052,0.052,0.051,0.052,0.052,0.051,0.05,0.051,0.051,0.052,0.052,0.051,0.051,0.051,0.049,0.048,0.05,0.051,0.052,0.051,0.051,0.052,0.051,0.052,0.051,0.052,0.051,0.052,0.051,0.052,0.051,0.05,0.051,0.052,0.052,0.054,0.055,0.054,0.053,0.053,0.052,0.054,0.052,0.052,0.053,0.053,0.054,0.054,0.052,0.053,0.053,0.053,0.053,0.053,0.051,0.052,0.052,0.053,0.052,0.052,0.051,0.051,0.052,0.052,0.052,0.052,0.05
A11,S1,32,3.043,3.826,3.722,3.854,4.973,5.287,5.145,5.287,5.287,5.287,5.287,5.278,5.287,5.287,5.287,5.234,5.275,5.287,5.287,5.287,5.287,5.222,5.255,5.287,5.287,5.247,5.233,4.877,4.621,4.478,3.656,2.827,2.281,1.861,1.499,1.292,1.194,0.965,0.711,0.552,0.46,0.402,0.367,0.334,0.309,0.291,0.277,0.265,0.256,0.246,0.236,0.227,0.214,0.208,0.202,0.194,0.184,0.175,0.167,0.159,0.153,0.147,0.14,0.136,0.132,0.128,0.123,0.117,0.113,0.109,0.105,0.104,0.102,0.099,0.098,0.094,0.091,0.087,0.083,0.081,0.079,0.076,0.074,0.072,0.072,0.069,0.068,0.069,0.069,0.067,0.066,0.065,0.063,0.064,0.063,0.061,0.062,0.06,0.059,0.057,0.056,0.056,0.057,0.059,0.059,0.058,0.058,0.058,0.057,0.056,0.056,0.057,0.055,0.054,0.055,0.056,0.056,0.055,0.055,0.054,0.055,0.057,0.058,0.058,0.059,0.06,0.059,0.06,0.06,0.061,0.06,0.056,0.06,0.062,0.064,0.065,0.068,0.07,0.071,0.072,0.074,0.074,0.075,0.075,0.075,0.076,0.078,0.079,0.08,0.082,0.085,0.087,0.089,0.09,0.092,0.098,0.099,0.101,0.1,0.099,0.092,0.091,0.088,0.084,0.082,0.077,0.071,0.069,0.066,0.063,0.06,0.059,0.056,0.055,0.055,0.054,0.053,0.053,0.054,0.055,0.055,0.054,0.053,0.053,0.052,0.052,0.052,0.051,0.05,0.052,0.052,0.049,0.049,0.051,0.051,0.051,0.052,0.052,0.053,0.053,0.052,0.053,0.051,0.051,0.052,0.052,0.052,0.052,0.052,0.053,0.052,0.051,0.053,0.052,0.051,0.051,0.051,0.051,0.051,0.048,0.049,0.051,0.051,0.051,0.05,0.05,0.049,0.051,0.05,0.049,0.048,0.049,0.05,0.051,0.051,0.049,0.051,0.051,0.048,0.046,0.049,0.05,0.05,0.05,0.051,0.05,0.05,0.051,0.049,0.05,0.051,0.05,0.049,0.05,0.049,0.049,0.05,0.051,0.052,0.052,0.055,0.053,0.052,0.052,0.051,0.053,0.052,0.052,0.052,0.052,0.054,0.054,0.05,0.053,0.053,0.053,0.053,0.052,0.05,0.051,0.052,0.052,0.051,0.051,0.051,0.05,0.051,0.051,0.051,0.052,0.051
B1,S1,64,3.381,3.484,4.089,3.829,4.271,4.722,5.033,5.175,4.778,5.287,5.287,5.102,5.287,5.287,5.287,5.254,5.207,4.987,5.177,4.926,5.287,5.287,5.217,5.046,5.111,5.217,5,5,4.673,4.62,3.817,3.061,2.482,2.029,1.644,1.425,1.319,1.064,0.786,0.613,0.511,0.448,0.409,0.372,0.343,0.323,0.307,0.294,0.283,0.271,0.26,0.251,0.236,0.228,0.222,0.214,0.203,0.193,0.183,0.174,0.168,0.16,0.153,0.147,0.142,0.138,0.132,0.126,0.121,0.117,0.112,0.109,0.106,0.102,0.099,0.096,0.092,0.089,0.085,0.082,0.079,0.076,0.074,0.071,0.07,0.069,0.067,0.067,0.066,0.065,0.064,0.064,0.063,0.062,0.061,0.06,0.061,0.06,0.059,0.058,0.058,0.058,0.058,0.058,0.057,0.057,0.057,0.056,0.057,0.057,0.056,0.056,0.056,0.056,0.056,0.056,0.055,0.055,0.055,0.055,0.056,0.056,0.056,0.056,0.056,0.056,0.056,0.057,0.056,0.057,0.056,0.056,0.058,0.058,0.059,0.06,0.06,0.061,0.061,0.062,0.063,0.063,0.064,0.063,0.064,0.065,0.065,0.066,0.066,0.067,0.069,0.07,0.071,0.072,0.073,0.076,0.076,0.077,0.076,0.075,0.073,0.072,0.07,0.069,0.067,0.065,0.062,0.061,0.059,0.058,0.056,0.056,0.054,0.054,0.053,0.054,0.053,0.053,0.053,0.053,0.053,0.053,0.052,0.052,0.053,0.052,0.053,0.052,0.051,0.052,0.052,0.051,0.052,0.052,0.052,0.052,0.052,0.052,0.053,0.053,0.051,0.052,0.051,0.051,0.051,0.051,0.052,0.052,0.051,0.051,0.051,0.051,0.052,0.051,0.051,0.051,0.052,0.051,0.051,0.05,0.05,0.051,0.051,0.051,0.051,0.051,0.05,0.051,0.05,0.05,0.049,0.05,0.05,0.05,0.049,0.05,0.05,0.05,0.05,0.05,0.05,0.05,0.05,0.049,0.05,0.05,0.05,0.051,0.05,0.051,0.05,0.049,0.05,0.049,0.05,0.049,0.051,0.052,0.052,0.053,0.054,0.054,0.053,0.052,0.051,0.052,0.052,0.051,0.051,0.052,0.053,0.052,0.051,0.053,0.053,0.051,0.051,0.052,0.05,0.051,0.052,0.053,0.053,0.053,0.051,0.051,0.051,0.052,0.052,0.051,0.05
B3,S1,128,3.772,4.212,3.998,4.006,5.002,5.106,4.814,5.287,4.761,5.287,5.287,5.095,5.287,5.287,5.287,5.287,5.287,5.287,5.287,4.941,5.287,5.287,5.287,5.287,5.287,5.287,5.237,5.161,4.843,4.712,3.776,2.967,2.407,1.966,1.59,1.374,1.27,1.024,0.759,0.593,0.495,0.433,0.397,0.361,0.334,0.314,0.3,0.287,0.276,0.266,0.255,0.245,0.231,0.223,0.218,0.208,0.199,0.189,0.18,0.172,0.165,0.158,0.151,0.146,0.141,0.137,0.131,0.126,0.121,0.116,0.111,0.108,0.106,0.103,0.1,0.098,0.094,0.092,0.086,0.084,0.081,0.077,0.075,0.073,0.072,0.07,0.068,0.069,0.069,0.068,0.067,0.066,0.066,0.066,0.065,0.064,0.065,0.063,0.062,0.061,0.059,0.06,0.059,0.06,0.06,0.06,0.059,0.059,0.059,0.058,0.058,0.058,0.057,0.057,0.057,0.057,0.057,0.057,0.057,0.056,0.056,0.057,0.057,0.057,0.058,0.058,0.057,0.057,0.057,0.057,0.057,0.053,0.055,0.055,0.056,0.057,0.058,0.059,0.059,0.059,0.06,0.06,0.06,0.061,0.061,0.06,0.061,0.061,0.06,0.061,0.062,0.062,0.062,0.061,0.061,0.064,0.064,0.065,0.064,0.064,0.062,0.062,0.061,0.061,0.061,0.06,0.059,0.058,0.057,0.057,0.056,0.056,0.055,0.054,0.054,0.054,0.053,0.053,0.053,0.054,0.054,0.054,0.054,0.054,0.054,0.054,0.053,0.053,0.052,0.053,0.052,0.052,0.052,0.053,0.053,0.052,0.053,0.053,0.053,0.054,0.052,0.053,0.052,0.052,0.052,0.052,0.052,0.053,0.052,0.052,0.052,0.052,0.053,0.053,0.051,0.051,0.051,0.051,0.051,0.05,0.05,0.051,0.051,0.051,0.051,0.051,0.05,0.051,0.05,0.05,0.05,0.05,0.05,0.05,0.051,0.049,0.05,0.051,0.049,0.049,0.05,0.05,0.05,0.05,0.051,0.051,0.05,0.051,0.05,0.05,0.05,0.05,0.05,0.051,0.05,0.049,0.051,0.051,0.052,0.053,0.054,0.054,0.053,0.053,0.052,0.052,0.051,0.052,0.052,0.052,0.052,0.052,0.051,0.052,0.052,0.052,0.052,0.051,0.05,0.051,0.052,0.052,0.052,0.052,0.051,0.05,0.051,0.052,0.051,0.052,0.05
B5,S1,1,2.956,3.329,3.306,3.651,4.246,4.593,5.065,5.287,4.593,5.058,5.287,4.913,5.287,5.287,5.287,5.212,5.118,4.954,4.958,5.021,5.287,5.287,5.255,5.138,5.287,5.024,5.287,5.17,4.716,4.604,3.935,3.219,2.657,2.223,1.848,1.637,1.538,1.284,1,0.818,0.704,0.625,0.576,0.529,0.493,0.467,0.449,0.434,0.422,0.41,0.399,0.388,0.376,0.37,0.364,0.355,0.346,0.338,0.33,0.324,0.319,0.315,0.311,0.307,0.304,0.301,0.297,0.292,0.288,0.285,0.281,0.279,0.277,0.275,0.274,0.272,0.266,0.26,0.252,0.246,0.24,0.235,0.233,0.229,0.226,0.219,0.21,0.201,0.191,0.179,0.168,0.158,0.15,0.145,0.139,0.134,0.132,0.129,0.128,0.126,0.125,0.125,0.126,0.128,0.13,0.131,0.133,0.135,0.137,0.139,0.141,0.145,0.147,0.152,0.156,0.161,0.167,0.174,0.182,0.191,0.203,0.215,0.227,0.239,0.252,0.265,0.279,0.294,0.31,0.328,0.353,0.377,0.403,0.436,0.471,0.512,0.551,0.593,0.642,0.682,0.714,0.744,0.77,0.794,0.819,0.85,0.881,0.923,0.977,1.04,1.123,1.239,1.349,1.458,1.55,1.629,1.698,1.72,1.702,1.638,1.542,1.416,1.273,1.131,0.993,0.841,0.694,0.589,0.496,0.416,0.34,0.287,0.246,0.217,0.189,0.17,0.156,0.145,0.137,0.131,0.125,0.121,0.117,0.115,0.112,0.11,0.109,0.107,0.105,0.105,0.105,0.104,0.102,0.103,0.102,0.102,0.103,0.102,0.102,0.103,0.1,0.101,0.1,0.1,0.101,0.101,0.101,0.1,0.099,0.1,0.098,0.097,0.099,0.098,0.097,0.097,0.095,0.094,0.094,0.092,0.092,0.091,0.092,0.091,0.09,0.09,0.089,0.089,0.089,0.088,0.087,0.086,0.087,0.087,0.086,0.085,0.086,0.085,0.084,0.083,0.084,0.084,0.084,0.083,0.083,0.082,0.082,0.082,0.081,0.082,0.081,0.08,0.081,0.08,0.079,0.078,0.08,0.08,0.081,0.081,0.082,0.081,0.08,0.079,0.077,0.079,0.078,0.077,0.077,0.077,0.078,0.078,0.076,0.077,0.076,0.076,0.077,0.076,0.074,0.074,0.076,0.076,0.075,0.075,0.075,0.074,0.074,0.075,0.074,0.073,0.073
B7,S1,2,3.248,3.987,4.444,4.681,4.528,5.07,5.115,5.287,4.932,5.188,5.287,5.287,5.287,5.287,5.287,5.287,5.287,5.287,5.287,5.119,5.287,5.287,5.287,5.287,5.287,5.22,5.268,5.094,4.716,4.825,3.931,3.115,2.535,2.088,1.712,1.496,1.394,1.144,0.87,0.696,0.589,0.519,0.477,0.436,0.405,0.38,0.364,0.35,0.339,0.328,0.318,0.308,0.294,0.287,0.281,0.273,0.263,0.254,0.246,0.238,0.233,0.228,0.221,0.216,0.213,0.209,0.204,0.199,0.194,0.19,0.185,0.183,0.181,0.179,0.176,0.173,0.17,0.165,0.158,0.154,0.15,0.147,0.144,0.141,0.139,0.134,0.13,0.126,0.12,0.114,0.109,0.103,0.099,0.095,0.092,0.09,0.089,0.087,0.085,0.083,0.082,0.082,0.082,0.084,0.085,0.086,0.087,0.087,0.088,0.089,0.09,0.092,0.092,0.094,0.097,0.1,0.102,0.106,0.11,0.114,0.119,0.126,0.133,0.139,0.146,0.153,0.16,0.168,0.176,0.185,0.197,0.206,0.22,0.237,0.256,0.276,0.297,0.32,0.345,0.365,0.383,0.399,0.413,0.424,0.437,0.451,0.467,0.487,0.514,0.545,0.588,0.646,0.7,0.754,0.798,0.841,0.876,0.89,0.881,0.85,0.8,0.737,0.667,0.596,0.527,0.45,0.375,0.321,0.273,0.232,0.193,0.166,0.143,0.128,0.114,0.104,0.097,0.091,0.087,0.084,0.082,0.079,0.077,0.076,0.075,0.073,0.072,0.071,0.069,0.07,0.069,0.069,0.068,0.068,0.067,0.067,0.068,0.068,0.069,0.069,0.067,0.067,0.066,0.066,0.067,0.067,0.067,0.066,0.066,0.067,0.066,0.066,0.067,0.066,0.065,0.065,0.064,0.064,0.063,0.062,0.061,0.062,0.062,0.062,0.061,0.061,0.06,0.06,0.06,0.059,0.058,0.059,0.059,0.059,0.059,0.058,0.058,0.058,0.057,0.056,0.057,0.057,0.058,0.057,0.057,0.057,0.056,0.056,0.057,0.057,0.056,0.056,0.056,0.056,0.056,0.054,0.055,0.056,0.057,0.056,0.058,0.057,0.056,0.057,0.055,0.056,0.055,0.056,0.055,0.056,0.056,0.055,0.054,0.056,0.056,0.055,0.055,0.054,0.052,0.053,0.054,0.055,0.055,0.054,0.053,0.052,0.053,0.054,0.054,0.053,0.052
B9,S1,4,3.234,3.18,3.725,4.324,4.575,4.893,5.095,5.287,4.986,4.904,5.266,5.287,5.287,5.287,5.287,5.287,5.287,5.187,5.2,5.23,5.287,5.287,5.193,5.287,5.287,5.143,5.287,5.189,4.788,4.64,3.835,3.035,2.454,2.011,1.634,1.42,1.319,1.074,0.804,0.635,0.533,0.47,0.43,0.392,0.363,0.341,0.325,0.313,0.303,0.292,0.283,0.272,0.259,0.252,0.246,0.238,0.227,0.218,0.21,0.201,0.195,0.188,0.182,0.179,0.174,0.17,0.166,0.16,0.155,0.151,0.146,0.143,0.141,0.139,0.137,0.134,0.13,0.126,0.12,0.118,0.114,0.11,0.107,0.105,0.104,0.1,0.098,0.095,0.092,0.089,0.086,0.082,0.079,0.078,0.076,0.074,0.075,0.073,0.071,0.069,0.067,0.067,0.067,0.069,0.07,0.07,0.07,0.07,0.071,0.07,0.071,0.072,0.071,0.072,0.074,0.075,0.077,0.079,0.08,0.081,0.085,0.09,0.093,0.096,0.1,0.103,0.107,0.111,0.114,0.119,0.124,0.126,0.134,0.143,0.154,0.164,0.175,0.188,0.201,0.211,0.221,0.229,0.235,0.241,0.247,0.254,0.262,0.272,0.285,0.3,0.322,0.351,0.377,0.401,0.422,0.446,0.463,0.471,0.468,0.453,0.425,0.396,0.361,0.326,0.293,0.254,0.215,0.189,0.164,0.143,0.123,0.109,0.097,0.089,0.082,0.076,0.073,0.07,0.069,0.068,0.067,0.065,0.063,0.063,0.062,0.061,0.061,0.059,0.057,0.059,0.059,0.057,0.056,0.058,0.058,0.057,0.058,0.058,0.059,0.059,0.058,0.058,0.057,0.057,0.057,0.057,0.058,0.058,0.057,0.058,0.057,0.057,0.059,0.058,0.057,0.057,0.056,0.056,0.055,0.053,0.054,0.055,0.055,0.055,0.053,0.054,0.053,0.054,0.053,0.052,0.052,0.052,0.053,0.053,0.053,0.052,0.053,0.052,0.05,0.049,0.05,0.051,0.053,0.051,0.051,0.051,0.051,0.052,0.051,0.052,0.052,0.052,0.051,0.051,0.05,0.049,0.051,0.052,0.052,0.053,0.055,0.054,0.053,0.052,0.052,0.053,0.052,0.051,0.051,0.052,0.053,0.053,0.051,0.053,0.052,0.051,0.052,0.051,0.05,0.05,0.051,0.052,0.051,0.051,0.05,0.05,0.05,0.052,0.05,0.051,0.05
B11,S1,8,3.562,3.48,3.778,4.274,4.779,4.989,4.977,5.287,5.225,5.287,5.287,5.287,5.287,5.287,5.287,5.287,5.287,5.287,5.287,5.287,5.287,5.287,5.287,5.287,5.287,5.287,5.287,5.136,4.822,4.716,3.779,2.966,2.403,1.96,1.587,1.374,1.273,1.031,0.764,0.599,0.501,0.439,0.402,0.367,0.339,0.318,0.304,0.292,0.282,0.271,0.261,0.251,0.237,0.231,0.225,0.216,0.206,0.196,0.188,0.18,0.174,0.168,0.161,0.157,0.153,0.149,0.143,0.138,0.132,0.129,0.124,0.122,0.12,0.117,0.114,0.113,0.109,0.105,0.1,0.097,0.095,0.091,0.09,0.087,0.086,0.083,0.081,0.08,0.078,0.077,0.074,0.073,0.07,0.07,0.069,0.067,0.067,0.066,0.065,0.062,0.061,0.06,0.061,0.063,0.063,0.063,0.063,0.063,0.063,0.063,0.062,0.063,0.062,0.062,0.064,0.065,0.065,0.066,0.067,0.066,0.068,0.071,0.073,0.075,0.077,0.079,0.08,0.083,0.084,0.087,0.089,0.088,0.093,0.097,0.103,0.108,0.115,0.123,0.128,0.134,0.139,0.143,0.147,0.149,0.152,0.156,0.16,0.165,0.171,0.179,0.19,0.204,0.217,0.228,0.239,0.252,0.26,0.265,0.264,0.256,0.24,0.227,0.21,0.192,0.176,0.156,0.136,0.122,0.11,0.098,0.089,0.082,0.075,0.07,0.067,0.064,0.062,0.06,0.06,0.06,0.059,0.058,0.058,0.057,0.056,0.056,0.056,0.055,0.053,0.055,0.055,0.053,0.052,0.054,0.053,0.053,0.054,0.055,0.055,0.056,0.054,0.055,0.053,0.053,0.053,0.054,0.054,0.054,0.054,0.054,0.053,0.053,0.055,0.054,0.053,0.053,0.053,0.053,0.053,0.051,0.051,0.051,0.052,0.052,0.051,0.051,0.05,0.052,0.05,0.05,0.049,0.05,0.05,0.05,0.051,0.05,0.05,0.051,0.049,0.047,0.049,0.05,0.05,0.049,0.05,0.05,0.049,0.05,0.05,0.051,0.05,0.05,0.049,0.049,0.047,0.048,0.05,0.051,0.051,0.052,0.053,0.053,0.052,0.051,0.05,0.051,0.051,0.051,0.05,0.052,0.052,0.052,0.049,0.052,0.052,0.051,0.052,0.051,0.049,0.05,0.051,0.051,0.051,0.051,0.049,0.049,0.05,0.05,0.05,0.05,0.049
C1,S1,16,4.331,4.615,4.566,4.845,5.287,5.287,5.287,5.287,5.287,5.287,5.287,5.287,5.287,5.287,5.287,5.287,5.287,5.287,5.287,5.238,5.287,5.287,5.287,5.287,5.287,5.287,5.287,5.287,4.7,4.759,3.938,3.091,2.492,2.031,1.641,1.421,1.315,1.061,0.783,0.61,0.508,0.445,0.407,0.37,0.341,0.321,0.306,0.293,0.282,0.272,0.261,0.252,0.236,0.228,0.223,0.215,0.205,0.194,0.185,0.177,0.17,0.164,0.157,0.152,0.148,0.142,0.137,0.131,0.126,0.121,0.116,0.114,0.112,0.11,0.107,0.103,0.1,0.097,0.091,0.088,0.086,0.083,0.08,0.078,0.077,0.075,0.074,0.073,0.072,0.07,0.07,0.067,0.066,0.066,0.065,0.064,0.064,0.062,0.061,0.059,0.057,0.056,0.056,0.059,0.059,0.059,0.059,0.059,0.059,0.057,0.056,0.057,0.056,0.055,0.056,0.058,0.058,0.058,0.058,0.056,0.058,0.061,0.061,0.063,0.064,0.065,0.065,0.067,0.067,0.069,0.068,0.065,0.069,0.071,0.075,0.078,0.082,0.087,0.09,0.093,0.096,0.097,0.1,0.1,0.101,0.103,0.105,0.108,0.111,0.114,0.121,0.128,0.132,0.137,0.141,0.15,0.153,0.156,0.156,0.152,0.142,0.137,0.13,0.121,0.113,0.103,0.092,0.086,0.081,0.075,0.069,0.066,0.061,0.058,0.057,0.056,0.054,0.054,0.055,0.056,0.055,0.054,0.053,0.054,0.053,0.052,0.052,0.051,0.049,0.051,0.051,0.049,0.049,0.051,0.05,0.05,0.052,0.052,0.052,0.053,0.051,0.052,0.05,0.05,0.05,0.051,0.051,0.051,0.051,0.051,0.051,0.05,0.052,0.051,0.051,0.05,0.05,0.05,0.05,0.048,0.048,0.049,0.05,0.049,0.049,0.049,0.048,0.049,0.048,0.046,0.047,0.048,0.049,0.049,0.049,0.048,0.049,0.048,0.046,0.045,0.047,0.048,0.048,0.047,0.048,0.048,0.047,0.048,0.048,0.049,0.048,0.049,0.048,0.047,0.047,0.047,0.048,0.049,0.05,0.051,0.052,0.052,0.05,0.05,0.049,0.05,0.05,0.05,0.05,0.05,0.051,0.051,0.049,0.051,0.052,0.05,0.051,0.05,0.049,0.048,0.049,0.05,0.051,0.049,0.049,0.048,0.049,0.049,0.047,0.049,0.049
C3,S1,32,3.484,3.941,4.229,4.351,4.795,5.287,5.054,5.287,5.287,5.287,5.287,5.287,5.287,5.287,5.287,5.287,5.287,5.287,5.287,5.237,5.287,5.287,5.287,5.287,5.287,5.287,5.287,5.048,4.735,4.67,3.876,3.066,2.473,2.017,1.628,1.405,1.3,1.048,0.771,0.601,0.499,0.436,0.399,0.363,0.334,0.313,0.299,0.286,0.275,0.265,0.255,0.243,0.23,0.224,0.217,0.208,0.197,0.188,0.179,0.17,0.163,0.157,0.149,0.145,0.141,0.137,0.131,0.125,0.119,0.116,0.111,0.108,0.107,0.105,0.102,0.098,0.095,0.091,0.086,0.085,0.082,0.078,0.074,0.073,0.073,0.07,0.069,0.069,0.069,0.067,0.067,0.065,0.063,0.064,0.063,0.062,0.062,0.06,0.059,0.057,0.056,0.055,0.055,0.057,0.058,0.058,0.058,0.057,0.057,0.056,0.055,0.055,0.054,0.053,0.054,0.055,0.054,0.055,0.054,0.052,0.054,0.056,0.056,0.057,0.058,0.058,0.058,0.059,0.059,0.06,0.059,0.054,0.058,0.059,0.062,0.063,0.066,0.07,0.07,0.071,0.073,0.074,0.075,0.075,0.075,0.076,0.077,0.079,0.08,0.081,0.085,0.088,0.089,0.091,0.092,0.099,0.1,0.101,0.101,0.099,0.093,0.091,0.089,0.084,0.082,0.076,0.071,0.069,0.066,0.063,0.06,0.058,0.055,0.054,0.054,0.053,0.051,0.051,0.052,0.054,0.053,0.053,0.052,0.052,0.051,0.051,0.051,0.05,0.048,0.051,0.05,0.048,0.048,0.05,0.049,0.049,0.051,0.051,0.051,0.052,0.051,0.051,0.049,0.049,0.05,0.051,0.051,0.051,0.05,0.051,0.05,0.05,0.052,0.051,0.051,0.05,0.05,0.05,0.05,0.047,0.048,0.05,0.05,0.05,0.049,0.049,0.049,0.049,0.048,0.047,0.047,0.048,0.048,0.049,0.048,0.047,0.049,0.048,0.045,0.044,0.047,0.048,0.049,0.048,0.049,0.048,0.047,0.047,0.047,0.048,0.048,0.048,0.047,0.048,0.047,0.047,0.048,0.048,0.05,0.05,0.052,0.051,0.05,0.049,0.048,0.049,0.049,0.049,0.049,0.05,0.051,0.051,0.049,0.051,0.051,0.05,0.05,0.049,0.047,0.048,0.048,0.05,0.049,0.049,0.048,0.047,0.048,0.048,0.048,0.049,0.048
C5,S1,64,3.472,3.372,3.586,3.776,4.439,4.836,4.813,5.287,4.807,5.071,5.287,5.284,5.287,5.287,5.287,5.139,5.287,5.166,5.08,5.099,5.287,5.239,5.061,5.246,5.018,5.102,5.287,5.021,4.661,4.654,3.899,3.106,2.537,2.074,1.679,1.454,1.346,1.086,0.804,0.628,0.523,0.457,0.418,0.38,0.35,0.329,0.313,0.3,0.288,0.276,0.265,0.254,0.241,0.234,0.227,0.217,0.206,0.196,0.186,0.176,0.17,0.162,0.155,0.15,0.145,0.139,0.135,0.129,0.123,0.119,0.114,0.112,0.108,0.104,0.101,0.098,0.094,0.091,0.087,0.084,0.08,0.076,0.075,0.072,0.072,0.07,0.069,0.068,0.067,0.066,0.065,0.064,0.064,0.063,0.063,0.062,0.062,0.061,0.06,0.059,0.059,0.059,0.059,0.059,0.059,0.058,0.058,0.058,0.058,0.057,0.058,0.058,0.057,0.057,0.057,0.057,0.056,0.056,0.056,0.055,0.055,0.056,0.056,0.057,0.057,0.057,0.057,0.057,0.057,0.057,0.057,0.056,0.058,0.058,0.059,0.059,0.061,0.062,0.062,0.063,0.063,0.064,0.064,0.064,0.065,0.065,0.066,0.066,0.067,0.068,0.069,0.07,0.072,0.073,0.074,0.077,0.077,0.078,0.077,0.076,0.074,0.073,0.071,0.07,0.068,0.065,0.062,0.061,0.059,0.058,0.057,0.056,0.055,0.054,0.054,0.053,0.053,0.053,0.053,0.054,0.053,0.053,0.052,0.052,0.052,0.053,0.053,0.052,0.051,0.052,0.052,0.051,0.051,0.052,0.052,0.052,0.052,0.052,0.053,0.053,0.051,0.052,0.051,0.051,0.051,0.051,0.052,0.052,0.052,0.052,0.051,0.052,0.053,0.051,0.051,0.052,0.052,0.052,0.051,0.051,0.05,0.051,0.052,0.052,0.051,0.051,0.05,0.051,0.051,0.05,0.05,0.05,0.05,0.05,0.05,0.05,0.05,0.05,0.049,0.049,0.049,0.05,0.051,0.05,0.049,0.05,0.049,0.05,0.05,0.051,0.05,0.051,0.05,0.049,0.049,0.049,0.051,0.052,0.052,0.053,0.054,0.052,0.053,0.053,0.051,0.052,0.051,0.052,0.051,0.052,0.053,0.052,0.051,0.053,0.052,0.052,0.053,0.052,0.051,0.05,0.051,0.053,0.052,0.053,0.051,0.05,0.051,0.052,0.051,0.051,0.05
C7,S1,128,4.425,4.407,4.541,4.705,5.094,5.07,5.287,5.287,5.279,4.969,5.287,5.218,5.287,5.287,5.287,5.287,5.287,5.175,5.287,5.287,5.287,5.287,5.287,5.287,5.287,5.287,5.287,5.287,4.793,4.532,3.837,3.023,2.435,1.985,1.605,1.385,1.278,1.031,0.763,0.596,0.495,0.433,0.396,0.36,0.332,0.312,0.297,0.285,0.273,0.262,0.251,0.241,0.228,0.221,0.214,0.204,0.196,0.185,0.175,0.167,0.161,0.154,0.146,0.142,0.138,0.132,0.128,0.121,0.116,0.112,0.108,0.105,0.103,0.099,0.096,0.092,0.09,0.086,0.082,0.079,0.076,0.072,0.071,0.069,0.067,0.066,0.065,0.065,0.064,0.063,0.063,0.061,0.06,0.061,0.06,0.059,0.059,0.059,0.058,0.057,0.057,0.056,0.056,0.057,0.057,0.057,0.056,0.056,0.056,0.055,0.055,0.055,0.055,0.054,0.054,0.054,0.054,0.053,0.053,0.052,0.053,0.054,0.054,0.054,0.054,0.054,0.054,0.054,0.054,0.054,0.054,0.052,0.054,0.054,0.055,0.055,0.056,0.057,0.056,0.057,0.057,0.057,0.057,0.057,0.058,0.058,0.058,0.058,0.058,0.059,0.06,0.06,0.061,0.061,0.061,0.063,0.063,0.064,0.063,0.063,0.061,0.061,0.06,0.059,0.059,0.058,0.056,0.056,0.055,0.054,0.054,0.053,0.052,0.051,0.052,0.051,0.051,0.051,0.051,0.052,0.052,0.051,0.051,0.051,0.051,0.051,0.051,0.051,0.05,0.051,0.05,0.05,0.05,0.051,0.051,0.05,0.05,0.05,0.051,0.051,0.05,0.05,0.05,0.05,0.05,0.05,0.051,0.051,0.05,0.051,0.051,0.05,0.051,0.051,0.049,0.05,0.049,0.05,0.049,0.049,0.049,0.049,0.05,0.05,0.049,0.049,0.049,0.049,0.048,0.048,0.048,0.048,0.048,0.048,0.048,0.048,0.048,0.048,0.047,0.047,0.048,0.048,0.049,0.048,0.049,0.049,0.048,0.049,0.049,0.049,0.048,0.049,0.049,0.049,0.048,0.046,0.048,0.05,0.051,0.051,0.052,0.052,0.051,0.052,0.051,0.051,0.051,0.051,0.05,0.051,0.052,0.051,0.049,0.052,0.052,0.051,0.051,0.051,0.049,0.05,0.051,0.051,0.051,0.051,0.05,0.049,0.05,0.05,0.05,0.051,0.049
C9,S1,1,3.234,3.605,3.781,4.104,4.783,4.752,5.287,5.287,4.905,5.287,5.287,5.287,5.287,5.287,5.287,5.287,5.139,5.124,5.287,5.032,5.287,5.287,5.287,5.287,5.287,5.287,5.287,5.287,4.926,4.814,4.016,3.259,2.676,2.231,1.847,1.635,1.533,1.277,0.992,0.806,0.689,0.61,0.561,0.513,0.476,0.449,0.431,0.416,0.405,0.393,0.382,0.372,0.358,0.352,0.345,0.338,0.329,0.321,0.312,0.306,0.3,0.296,0.29,0.287,0.285,0.283,0.278,0.274,0.27,0.266,0.263,0.261,0.259,0.258,0.256,0.252,0.248,0.241,0.233,0.227,0.222,0.218,0.214,0.211,0.207,0.201,0.193,0.183,0.172,0.161,0.15,0.139,0.131,0.125,0.119,0.115,0.113,0.111,0.109,0.107,0.107,0.107,0.108,0.11,0.111,0.113,0.115,0.117,0.119,0.122,0.125,0.128,0.13,0.135,0.14,0.144,0.15,0.157,0.165,0.174,0.186,0.198,0.21,0.223,0.236,0.249,0.263,0.278,0.294,0.312,0.339,0.362,0.389,0.422,0.458,0.498,0.537,0.58,0.629,0.668,0.702,0.731,0.758,0.781,0.806,0.837,0.869,0.91,0.966,1.031,1.116,1.233,1.344,1.455,1.546,1.627,1.694,1.714,1.695,1.632,1.535,1.406,1.261,1.118,0.978,0.827,0.68,0.574,0.48,0.399,0.324,0.271,0.231,0.2,0.172,0.153,0.139,0.129,0.12,0.114,0.108,0.104,0.1,0.098,0.095,0.093,0.091,0.09,0.089,0.089,0.088,0.086,0.086,0.086,0.086,0.085,0.085,0.085,0.085,0.085,0.084,0.084,0.083,0.083,0.084,0.083,0.083,0.084,0.083,0.083,0.082,0.081,0.082,0.081,0.08,0.08,0.079,0.079,0.077,0.076,0.075,0.075,0.076,0.075,0.074,0.074,0.072,0.072,0.071,0.071,0.071,0.071,0.07,0.069,0.07,0.069,0.07,0.069,0.068,0.067,0.067,0.068,0.068,0.066,0.066,0.066,0.065,0.066,0.066,0.066,0.064,0.064,0.063,0.063,0.062,0.061,0.063,0.063,0.064,0.064,0.066,0.064,0.063,0.064,0.061,0.063,0.06,0.061,0.061,0.06,0.061,0.06,0.059,0.06,0.061,0.06,0.06,0.06,0.059,0.059,0.059,0.06,0.06,0.059,0.058,0.058,0.058,0.059,0.058,0.059,0.057
C11,S1,2,3.373,3.568,3.816,4.155,5.287,5.287,5.287,5.287,4.852,5.135,5.287,5.287,5.287,5.287,5.287,5.287,5.287,5.156,5.287,5.13,5.287,5.287,5.287,5.287,5.287,5.243,5.287,5.216,4.767,4.762,4.105,3.265,2.655,2.191,1.794,1.568,1.456,1.194,0.906,0.723,0.612,0.538,0.494,0.45,0.416,0.392,0.374,0.361,0.348,0.336,0.326,0.315,0.301,0.294,0.288,0.28,0.27,0.259,0.251,0.243,0.237,0.231,0.223,0.22,0.215,0.212,0.207,0.201,0.198,0.193,0.188,0.185,0.183,0.181,0.178,0.175,0.171,0.166,0.159,0.154,0.151,0.146,0.143,0.141,0.138,0.133,0.129,0.124,0.119,0.113,0.107,0.101,0.097,0.095,0.092,0.089,0.089,0.087,0.085,0.083,0.082,0.082,0.082,0.084,0.085,0.086,0.087,0.088,0.089,0.089,0.09,0.092,0.093,0.095,0.097,0.1,0.103,0.106,0.111,0.115,0.12,0.126,0.133,0.14,0.146,0.154,0.16,0.168,0.175,0.184,0.197,0.206,0.22,0.236,0.255,0.275,0.296,0.319,0.344,0.364,0.381,0.397,0.41,0.421,0.434,0.449,0.465,0.486,0.513,0.544,0.587,0.645,0.699,0.751,0.796,0.839,0.873,0.885,0.877,0.845,0.795,0.733,0.662,0.592,0.523,0.447,0.372,0.319,0.272,0.23,0.192,0.165,0.143,0.128,0.114,0.104,0.097,0.091,0.087,0.085,0.082,0.08,0.077,0.075,0.075,0.073,0.072,0.071,0.07,0.07,0.069,0.068,0.068,0.069,0.068,0.068,0.068,0.068,0.069,0.069,0.068,0.068,0.067,0.066,0.067,0.067,0.067,0.068,0.067,0.067,0.066,0.066,0.068,0.066,0.065,0.066,0.065,0.065,0.063,0.063,0.063,0.063,0.063,0.063,0.062,0.062,0.061,0.061,0.06,0.059,0.059,0.059,0.059,0.059,0.059,0.058,0.059,0.059,0.057,0.057,0.057,0.058,0.058,0.059,0.059,0.058,0.058,0.057,0.057,0.058,0.057,0.056,0.056,0.057,0.055,0.054,0.057,0.056,0.057,0.057,0.058,0.058,0.056,0.057,0.055,0.056,0.056,0.055,0.055,0.056,0.057,0.056,0.054,0.056,0.056,0.055,0.056,0.055,0.054,0.053,0.054,0.054,0.054,0.055,0.053,0.052,0.053,0.054,0.053,0.053,0.052
D1,S1,4,3.828,4.325,3.886,5.097,5.287,5.06,5.047,5.287,5.287,5.287,5.287,5.287,5.287,5.287,5.287,5.287,5.287,5.177,5.287,5.287,5.287,5.287,5.287,5.287,5.287,5.287,5.287,5.287,4.989,4.676,3.938,3.118,2.524,2.069,1.679,1.455,1.349,1.097,0.822,0.65,0.546,0.479,0.439,0.399,0.37,0.347,0.332,0.319,0.307,0.296,0.285,0.276,0.262,0.254,0.248,0.24,0.23,0.22,0.212,0.204,0.198,0.192,0.184,0.18,0.177,0.172,0.167,0.16,0.156,0.151,0.146,0.144,0.142,0.14,0.137,0.135,0.131,0.126,0.121,0.118,0.115,0.111,0.108,0.106,0.104,0.101,0.098,0.096,0.093,0.09,0.087,0.084,0.081,0.08,0.078,0.076,0.076,0.075,0.073,0.071,0.07,0.07,0.069,0.071,0.071,0.072,0.072,0.072,0.072,0.072,0.072,0.073,0.073,0.074,0.076,0.077,0.078,0.08,0.082,0.083,0.086,0.09,0.094,0.097,0.101,0.104,0.107,0.112,0.116,0.12,0.125,0.128,0.136,0.144,0.155,0.164,0.175,0.188,0.2,0.211,0.22,0.227,0.234,0.239,0.246,0.253,0.261,0.271,0.284,0.299,0.321,0.349,0.376,0.4,0.421,0.444,0.46,0.467,0.464,0.449,0.421,0.392,0.358,0.323,0.29,0.252,0.214,0.187,0.164,0.143,0.124,0.11,0.098,0.09,0.083,0.078,0.075,0.072,0.07,0.069,0.068,0.066,0.065,0.065,0.064,0.063,0.062,0.062,0.06,0.061,0.061,0.059,0.059,0.06,0.059,0.059,0.059,0.06,0.061,0.061,0.059,0.059,0.06,0.059,0.059,0.059,0.059,0.059,0.059,0.059,0.059,0.059,0.059,0.058,0.058,0.058,0.057,0.057,0.057,0.055,0.055,0.056,0.057,0.057,0.056,0.055,0.055,0.055,0.054,0.054,0.053,0.054,0.054,0.054,0.055,0.053,0.054,0.055,0.052,0.051,0.053,0.054,0.054,0.053,0.053,0.054,0.053,0.053,0.052,0.053,0.053,0.053,0.053,0.053,0.052,0.051,0.053,0.054,0.054,0.054,0.057,0.055,0.054,0.054,0.053,0.053,0.053,0.053,0.053,0.054,0.054,0.054,0.052,0.053,0.054,0.053,0.053,0.052,0.051,0.052,0.052,0.053,0.052,0.053,0.051,0.051,0.052,0.052,0.051,0.053,0.052
D3,S1,8,5.287,4.061,4.142,4.276,4.822,5.287,5.287,5.283,4.913,5.287,5.287,5.287,5.287,5.287,5.287,5.287,5.287,5.287,5.287,5.287,5.287,5.287,5.287,5.287,5.287,5.255,5.287,5.287,4.956,4.776,4.064,3.244,2.63,2.15,1.745,1.517,1.41,1.137,0.842,0.659,0.549,0.481,0.44,0.4,0.37,0.348,0.332,0.318,0.306,0.294,0.282,0.271,0.257,0.249,0.242,0.233,0.223,0.212,0.202,0.194,0.187,0.18,0.173,0.168,0.164,0.16,0.154,0.147,0.142,0.138,0.132,0.13,0.128,0.126,0.122,0.119,0.116,0.112,0.107,0.103,0.101,0.098,0.094,0.093,0.091,0.089,0.086,0.085,0.084,0.083,0.081,0.078,0.076,0.075,0.074,0.073,0.073,0.071,0.07,0.069,0.067,0.067,0.067,0.069,0.069,0.069,0.069,0.069,0.069,0.068,0.068,0.069,0.068,0.068,0.07,0.07,0.07,0.071,0.072,0.072,0.074,0.077,0.079,0.081,0.082,0.084,0.085,0.088,0.09,0.092,0.094,0.094,0.098,0.103,0.109,0.114,0.119,0.126,0.132,0.138,0.143,0.147,0.151,0.153,0.155,0.16,0.164,0.169,0.175,0.183,0.194,0.208,0.22,0.232,0.242,0.255,0.263,0.268,0.266,0.258,0.243,0.229,0.212,0.195,0.179,0.16,0.14,0.127,0.115,0.104,0.094,0.087,0.08,0.076,0.073,0.07,0.068,0.066,0.066,0.066,0.066,0.064,0.063,0.064,0.062,0.062,0.062,0.061,0.059,0.061,0.06,0.059,0.058,0.06,0.059,0.06,0.06,0.061,0.061,0.062,0.06,0.06,0.059,0.059,0.059,0.06,0.06,0.06,0.06,0.06,0.059,0.059,0.061,0.06,0.06,0.059,0.059,0.059,0.059,0.057,0.056,0.058,0.059,0.058,0.057,0.058,0.057,0.057,0.057,0.056,0.056,0.057,0.057,0.057,0.057,0.056,0.057,0.056,0.054,0.054,0.055,0.057,0.057,0.056,0.056,0.056,0.056,0.056,0.056,0.057,0.056,0.056,0.056,0.056,0.056,0.054,0.056,0.057,0.058,0.059,0.06,0.059,0.058,0.058,0.057,0.058,0.057,0.057,0.058,0.057,0.058,0.058,0.057,0.058,0.058,0.057,0.057,0.059,0.056,0.056,0.056,0.057,0.057,0.057,0.056,0.056,0.056,0.056,0.056,0.057,0.056
D5,S1,16,3.651,3.88,3.908,4.008,4.86,5.287,4.86,5.287,4.675,5.213,5.287,5.174,5.287,5.287,5.287,5.287,5.287,5.287,5.222,4.961,5.287,5.287,5.287,5.287,5.287,5.287,5.287,5.287,4.789,4.675,3.817,3.004,2.428,1.984,1.603,1.383,1.281,1.035,0.767,0.6,0.5,0.437,0.4,0.365,0.336,0.316,0.301,0.289,0.278,0.267,0.256,0.246,0.232,0.225,0.22,0.21,0.201,0.19,0.182,0.174,0.168,0.16,0.155,0.15,0.144,0.14,0.134,0.13,0.125,0.121,0.116,0.114,0.113,0.109,0.107,0.103,0.1,0.097,0.092,0.09,0.087,0.083,0.081,0.079,0.078,0.076,0.074,0.073,0.073,0.071,0.07,0.068,0.067,0.067,0.065,0.065,0.064,0.063,0.062,0.06,0.059,0.059,0.059,0.061,0.061,0.061,0.06,0.06,0.06,0.059,0.059,0.059,0.058,0.058,0.059,0.06,0.06,0.06,0.06,0.059,0.061,0.063,0.064,0.064,0.065,0.066,0.067,0.068,0.069,0.07,0.071,0.069,0.072,0.074,0.078,0.08,0.084,0.088,0.09,0.093,0.096,0.097,0.099,0.1,0.101,0.103,0.105,0.108,0.111,0.115,0.121,0.127,0.132,0.137,0.142,0.15,0.153,0.155,0.155,0.151,0.142,0.137,0.129,0.12,0.113,0.103,0.093,0.087,0.081,0.076,0.071,0.067,0.063,0.061,0.059,0.058,0.057,0.056,0.057,0.057,0.057,0.056,0.055,0.055,0.054,0.055,0.054,0.053,0.052,0.053,0.053,0.052,0.051,0.053,0.052,0.052,0.053,0.054,0.055,0.054,0.053,0.053,0.052,0.052,0.053,0.053,0.053,0.053,0.053,0.054,0.053,0.053,0.055,0.054,0.053,0.053,0.053,0.053,0.052,0.05,0.05,0.051,0.053,0.052,0.051,0.051,0.05,0.052,0.051,0.05,0.049,0.05,0.051,0.05,0.051,0.051,0.051,0.05,0.049,0.048,0.049,0.05,0.051,0.05,0.05,0.05,0.05,0.051,0.05,0.052,0.05,0.05,0.05,0.051,0.05,0.049,0.05,0.051,0.053,0.053,0.055,0.053,0.052,0.052,0.051,0.053,0.052,0.051,0.052,0.052,0.053,0.053,0.051,0.053,0.052,0.053,0.052,0.052,0.05,0.051,0.052,0.052,0.051,0.052,0.051,0.049,0.051,0.051,0.051,0.052,0.05
D7,S1,32,3.33,3.384,4.154,4.301,5.287,5.287,4.684,5.287,5.064,5.287,5.287,5.286,5.287,5.287,5.287,5.287,5.287,5.287,5.287,5.136,5.287,5.287,5.287,5.287,5.287,5.129,5.287,5.205,4.763,4.634,3.832,2.997,2.416,1.971,1.589,1.372,1.268,1.023,0.754,0.586,0.487,0.425,0.388,0.352,0.325,0.305,0.291,0.279,0.268,0.258,0.246,0.236,0.223,0.216,0.21,0.201,0.19,0.181,0.173,0.165,0.159,0.152,0.144,0.139,0.135,0.132,0.126,0.121,0.115,0.111,0.106,0.103,0.102,0.1,0.097,0.094,0.09,0.087,0.083,0.08,0.079,0.076,0.074,0.072,0.071,0.068,0.067,0.067,0.067,0.066,0.066,0.064,0.062,0.063,0.062,0.061,0.061,0.06,0.059,0.057,0.056,0.055,0.056,0.058,0.058,0.057,0.057,0.057,0.057,0.055,0.055,0.056,0.054,0.054,0.055,0.056,0.055,0.055,0.055,0.054,0.055,0.057,0.057,0.058,0.059,0.058,0.059,0.059,0.059,0.06,0.06,0.057,0.06,0.061,0.064,0.065,0.068,0.07,0.07,0.072,0.074,0.075,0.076,0.076,0.076,0.077,0.078,0.079,0.08,0.082,0.086,0.089,0.091,0.093,0.095,0.1,0.101,0.103,0.103,0.101,0.095,0.093,0.089,0.085,0.083,0.078,0.071,0.069,0.066,0.063,0.06,0.058,0.056,0.055,0.054,0.052,0.052,0.052,0.053,0.053,0.053,0.053,0.052,0.052,0.051,0.052,0.051,0.051,0.05,0.052,0.051,0.05,0.049,0.051,0.05,0.051,0.051,0.052,0.052,0.052,0.051,0.051,0.05,0.05,0.051,0.051,0.05,0.051,0.051,0.051,0.051,0.05,0.052,0.051,0.051,0.051,0.05,0.051,0.05,0.048,0.049,0.05,0.05,0.05,0.049,0.049,0.049,0.049,0.049,0.048,0.048,0.049,0.049,0.049,0.05,0.049,0.05,0.049,0.047,0.046,0.048,0.049,0.049,0.048,0.049,0.05,0.049,0.05,0.049,0.05,0.049,0.048,0.048,0.048,0.048,0.048,0.049,0.05,0.051,0.051,0.053,0.052,0.051,0.051,0.05,0.05,0.05,0.05,0.051,0.051,0.052,0.052,0.05,0.051,0.05,0.051,0.051,0.05,0.048,0.048,0.049,0.05,0.051,0.051,0.05,0.049,0.049,0.05,0.049,0.05,0.05
D9,S1,64,3.063,3.281,3.669,4.067,4.882,4.825,5.035,5.287,4.823,5.22,5.287,4.976,5.287,5.287,5.287,5.287,5.287,5.041,5.166,4.994,5.133,5.287,5.287,5.287,5.287,5.087,5.287,5.081,4.717,4.59,3.93,3.16,2.567,2.102,1.705,1.477,1.367,1.103,0.817,0.64,0.533,0.466,0.426,0.387,0.357,0.335,0.318,0.305,0.293,0.281,0.268,0.257,0.243,0.235,0.228,0.219,0.208,0.196,0.187,0.179,0.171,0.163,0.156,0.15,0.145,0.14,0.135,0.129,0.124,0.119,0.114,0.112,0.109,0.104,0.101,0.098,0.095,0.091,0.087,0.084,0.081,0.078,0.074,0.072,0.072,0.07,0.069,0.068,0.067,0.066,0.065,0.065,0.064,0.065,0.064,0.062,0.063,0.062,0.061,0.06,0.06,0.059,0.059,0.059,0.059,0.059,0.058,0.058,0.058,0.057,0.058,0.058,0.057,0.057,0.057,0.057,0.057,0.056,0.056,0.056,0.057,0.057,0.058,0.058,0.058,0.058,0.058,0.058,0.058,0.058,0.058,0.057,0.058,0.059,0.06,0.06,0.061,0.062,0.063,0.064,0.064,0.065,0.065,0.065,0.065,0.066,0.066,0.067,0.068,0.069,0.07,0.072,0.073,0.075,0.076,0.078,0.079,0.08,0.079,0.078,0.076,0.075,0.072,0.07,0.068,0.066,0.063,0.062,0.059,0.058,0.058,0.057,0.055,0.054,0.054,0.054,0.054,0.052,0.053,0.053,0.053,0.052,0.052,0.052,0.052,0.052,0.052,0.053,0.052,0.052,0.052,0.052,0.052,0.052,0.052,0.051,0.052,0.052,0.052,0.052,0.051,0.051,0.051,0.052,0.051,0.051,0.051,0.052,0.052,0.051,0.051,0.05,0.052,0.051,0.05,0.051,0.051,0.051,0.051,0.051,0.05,0.05,0.051,0.051,0.051,0.05,0.05,0.051,0.05,0.05,0.05,0.049,0.05,0.051,0.05,0.049,0.05,0.05,0.049,0.049,0.05,0.05,0.05,0.05,0.05,0.05,0.049,0.05,0.05,0.05,0.049,0.049,0.05,0.05,0.049,0.049,0.05,0.051,0.05,0.052,0.053,0.053,0.052,0.052,0.051,0.052,0.051,0.052,0.051,0.051,0.051,0.051,0.051,0.052,0.051,0.051,0.052,0.052,0.05,0.051,0.051,0.051,0.052,0.051,0.05,0.05,0.051,0.051,0.051,0.051,0.051
D11,S1,128,3.382,4.016,4.424,5.135,5.287,5.212,5.205,5.287,5.287,5.287,5.287,5.062,5.287,5.287,5.287,5.287,5.287,5.287,5.287,5.229,5.287,5.287,5.269,5.287,5.287,5.109,5.287,5.062,4.919,4.817,3.927,3.099,2.511,2.049,1.658,1.433,1.321,1.067,0.792,0.619,0.516,0.451,0.412,0.374,0.345,0.323,0.308,0.295,0.285,0.274,0.262,0.25,0.237,0.229,0.223,0.213,0.203,0.193,0.183,0.175,0.167,0.161,0.153,0.147,0.143,0.138,0.133,0.127,0.122,0.118,0.113,0.11,0.107,0.103,0.1,0.097,0.094,0.09,0.087,0.084,0.081,0.078,0.075,0.072,0.072,0.07,0.069,0.069,0.067,0.066,0.065,0.065,0.065,0.064,0.064,0.062,0.062,0.061,0.06,0.059,0.059,0.058,0.058,0.059,0.059,0.058,0.058,0.058,0.058,0.057,0.056,0.057,0.056,0.056,0.056,0.056,0.056,0.056,0.056,0.055,0.056,0.056,0.057,0.057,0.057,0.056,0.056,0.057,0.056,0.057,0.056,0.054,0.056,0.056,0.056,0.056,0.057,0.058,0.058,0.059,0.06,0.059,0.06,0.059,0.059,0.06,0.06,0.06,0.06,0.06,0.061,0.063,0.063,0.063,0.063,0.065,0.064,0.065,0.065,0.065,0.063,0.063,0.062,0.061,0.061,0.059,0.058,0.057,0.057,0.056,0.055,0.054,0.053,0.053,0.053,0.053,0.052,0.051,0.052,0.053,0.053,0.053,0.053,0.053,0.052,0.053,0.052,0.052,0.051,0.052,0.052,0.051,0.051,0.051,0.051,0.051,0.051,0.051,0.053,0.052,0.051,0.051,0.051,0.051,0.051,0.051,0.051,0.051,0.051,0.052,0.051,0.051,0.053,0.051,0.051,0.052,0.051,0.051,0.051,0.05,0.05,0.05,0.051,0.051,0.051,0.05,0.05,0.05,0.05,0.049,0.049,0.05,0.05,0.05,0.05,0.049,0.05,0.051,0.049,0.049,0.05,0.05,0.05,0.049,0.05,0.05,0.049,0.05,0.05,0.05,0.05,0.05,0.05,0.05,0.049,0.049,0.051,0.052,0.051,0.052,0.054,0.053,0.053,0.053,0.051,0.052,0.051,0.051,0.051,0.052,0.052,0.052,0.051,0.051,0.051,0.051,0.051,0.051,0.05,0.051,0.051,0.052,0.051,0.051,0.051,0.051,0.051,0.051,0.051,0.051,0.051
E1,Blank,1,3.977,3.618,4.07,3.96,4.618,5.287,5.287,5.287,4.913,5.287,5.287,5.265,5.287,5.287,5.287,5.287,5.287,5.287,5.287,5.287,5.287,5.287,5.287,5.287,5.287,5.287,5.287,5.287,4.835,4.684,3.986,3.144,2.545,2.079,1.679,1.452,1.346,1.084,0.795,0.616,0.511,0.446,0.407,0.37,0.341,0.319,0.304,0.291,0.279,0.268,0.256,0.245,0.231,0.223,0.215,0.206,0.196,0.185,0.176,0.167,0.16,0.153,0.145,0.141,0.136,0.131,0.126,0.119,0.114,0.109,0.105,0.103,0.101,0.098,0.095,0.091,0.089,0.086,0.081,0.078,0.076,0.073,0.071,0.069,0.068,0.066,0.064,0.065,0.065,0.064,0.063,0.062,0.061,0.061,0.061,0.06,0.06,0.059,0.058,0.056,0.056,0.055,0.056,0.057,0.057,0.056,0.056,0.056,0.056,0.055,0.054,0.054,0.053,0.053,0.053,0.054,0.053,0.053,0.053,0.052,0.052,0.053,0.053,0.053,0.054,0.054,0.053,0.053,0.053,0.053,0.051,0.049,0.05,0.05,0.051,0.051,0.052,0.053,0.052,0.052,0.053,0.052,0.052,0.052,0.052,0.052,0.052,0.052,0.052,0.051,0.051,0.051,0.05,0.049,0.048,0.05,0.049,0.05,0.05,0.05,0.048,0.049,0.05,0.05,0.052,0.051,0.051,0.051,0.051,0.052,0.051,0.051,0.05,0.05,0.05,0.05,0.05,0.05,0.051,0.051,0.052,0.051,0.051,0.051,0.051,0.051,0.05,0.05,0.049,0.05,0.05,0.049,0.048,0.05,0.049,0.05,0.05,0.05,0.052,0.051,0.05,0.05,0.049,0.049,0.049,0.049,0.05,0.05,0.05,0.05,0.05,0.049,0.051,0.05,0.05,0.05,0.05,0.05,0.049,0.048,0.048,0.049,0.049,0.049,0.049,0.049,0.048,0.049,0.048,0.047,0.047,0.049,0.049,0.049,0.049,0.048,0.048,0.049,0.046,0.046,0.047,0.048,0.049,0.048,0.049,0.048,0.047,0.048,0.048,0.049,0.048,0.049,0.048,0.048,0.048,0.047,0.048,0.049,0.051,0.051,0.052,0.051,0.051,0.051,0.05,0.051,0.05,0.05,0.051,0.051,0.051,0.051,0.049,0.051,0.051,0.05,0.05,0.049,0.049,0.05,0.049,0.051,0.05,0.049,0.05,0.05,0.05,0.049,0.05,0.05,0.049
E3,Blank,1,3.393,3.726,4.098,3.924,4.907,4.66,5.287,5.287,5.263,5.287,5.287,5.072,5.287,5.287,5.287,5.287,5.287,5.287,5.287,5.245,5.287,5.287,5.287,5.287,5.287,5.226,5.182,5.171,4.739,4.581,3.89,3.037,2.454,2,1.614,1.393,1.287,1.038,0.768,0.598,0.498,0.436,0.399,0.363,0.335,0.315,0.299,0.288,0.278,0.266,0.254,0.244,0.23,0.224,0.217,0.208,0.198,0.188,0.179,0.171,0.164,0.157,0.149,0.145,0.139,0.135,0.13,0.124,0.119,0.114,0.109,0.107,0.104,0.101,0.099,0.095,0.092,0.088,0.084,0.082,0.079,0.076,0.073,0.072,0.071,0.069,0.068,0.067,0.067,0.067,0.066,0.064,0.063,0.064,0.064,0.062,0.063,0.062,0.061,0.058,0.057,0.057,0.057,0.058,0.058,0.058,0.058,0.058,0.057,0.056,0.055,0.056,0.054,0.054,0.054,0.055,0.054,0.054,0.054,0.052,0.053,0.054,0.054,0.054,0.055,0.054,0.054,0.054,0.053,0.054,0.052,0.049,0.05,0.051,0.052,0.052,0.053,0.054,0.053,0.053,0.054,0.054,0.054,0.053,0.053,0.053,0.052,0.053,0.052,0.052,0.053,0.052,0.051,0.049,0.048,0.051,0.05,0.051,0.051,0.051,0.049,0.051,0.052,0.052,0.053,0.053,0.052,0.053,0.053,0.053,0.052,0.053,0.051,0.051,0.051,0.051,0.051,0.051,0.052,0.053,0.053,0.052,0.052,0.052,0.052,0.052,0.052,0.051,0.05,0.052,0.051,0.05,0.05,0.051,0.051,0.05,0.051,0.052,0.052,0.052,0.051,0.051,0.051,0.051,0.051,0.05,0.051,0.051,0.051,0.052,0.051,0.051,0.053,0.051,0.052,0.051,0.051,0.051,0.05,0.049,0.049,0.05,0.05,0.05,0.05,0.05,0.049,0.05,0.049,0.048,0.048,0.049,0.049,0.049,0.05,0.049,0.05,0.05,0.047,0.046,0.049,0.049,0.05,0.048,0.049,0.049,0.049,0.05,0.049,0.051,0.049,0.049,0.049,0.05,0.05,0.048,0.05,0.05,0.051,0.052,0.054,0.052,0.052,0.052,0.051,0.051,0.051,0.051,0.052,0.052,0.053,0.053,0.051,0.052,0.051,0.051,0.052,0.051,0.049,0.05,0.051,0.052,0.052,0.052,0.05,0.05,0.051,0.051,0.051,0.052,0.05
E5,Blank,1,3.439,3.322,4.038,5.287,5.287,4.939,5.287,5.287,5.287,5.287,5.287,5.287,5.287,5.287,5.287,5.287,5.287,5.287,5.287,5.287,5.287,5.287,5.287,5.287,5.287,5.287,5.287,5.287,4.852,4.708,4.125,3.301,2.685,2.195,1.776,1.546,1.439,1.151,0.839,0.648,0.537,0.468,0.427,0.388,0.358,0.336,0.32,0.306,0.294,0.282,0.269,0.259,0.244,0.236,0.229,0.22,0.208,0.197,0.186,0.177,0.17,0.163,0.155,0.15,0.145,0.14,0.134,0.128,0.122,0.117,0.112,0.108,0.107,0.103,0.1,0.096,0.094,0.09,0.085,0.082,0.079,0.076,0.073,0.071,0.07,0.068,0.066,0.067,0.066,0.065,0.065,0.063,0.062,0.063,0.062,0.062,0.061,0.06,0.059,0.057,0.055,0.055,0.054,0.056,0.056,0.056,0.056,0.055,0.055,0.053,0.053,0.053,0.052,0.052,0.052,0.053,0.052,0.052,0.052,0.05,0.051,0.052,0.052,0.053,0.053,0.053,0.052,0.052,0.052,0.052,0.05,0.046,0.047,0.047,0.049,0.049,0.05,0.052,0.051,0.052,0.052,0.052,0.052,0.052,0.051,0.051,0.051,0.051,0.05,0.05,0.05,0.05,0.048,0.046,0.045,0.048,0.047,0.048,0.048,0.049,0.046,0.047,0.048,0.049,0.051,0.051,0.05,0.051,0.051,0.051,0.051,0.051,0.049,0.049,0.049,0.049,0.049,0.049,0.05,0.051,0.051,0.051,0.05,0.05,0.05,0.05,0.049,0.049,0.048,0.05,0.049,0.048,0.047,0.049,0.048,0.049,0.049,0.05,0.05,0.05,0.049,0.049,0.048,0.048,0.048,0.048,0.049,0.049,0.049,0.05,0.049,0.049,0.05,0.049,0.049,0.049,0.048,0.048,0.048,0.046,0.047,0.048,0.049,0.048,0.048,0.048,0.047,0.048,0.046,0.046,0.046,0.047,0.047,0.048,0.048,0.047,0.047,0.046,0.044,0.044,0.045,0.046,0.047,0.047,0.048,0.048,0.046,0.047,0.046,0.048,0.047,0.047,0.047,0.048,0.047,0.046,0.047,0.048,0.049,0.05,0.051,0.05,0.05,0.05,0.048,0.049,0.049,0.049,0.049,0.049,0.05,0.05,0.048,0.05,0.05,0.049,0.049,0.049,0.047,0.048,0.048,0.049,0.048,0.048,0.047,0.047,0.047,0.048,0.048,0.047,0.047